Name,Rating,Number of Reviews,Opening Hours,Phone Number,Address,Website,Response Time,Response Rate,Services Provided,Profile Link,Location,Service Tag
Ask Computers,4.4,62,N/A,+1 416-862-9595,"111 Front Street E, Toronto, ON M5A 4S5, Canada",https://www.yelp.com/biz/ask-computers-toronto-5?adjust_creative=nzsOrWQEZA8rEfPyq3271g&utm_campaign=yelp_api_v3&utm_medium=api_v3_business_search&utm_source=nzsOrWQEZA8rEfPyq3271g,N/A,N/A,IT Services & Computer Repair,https://www.yelp.com/biz/ask-computers-toronto-5?adjust_creative=nzsOrWQEZA8rEfPyq3271g&utm_campaign=yelp_api_v3&utm_medium=api_v3_business_search&utm_source=nzsOrWQEZA8rEfPyq3271g,Hamilton,ask-computers-toronto-5
Mobile Klinik Professional Smartphone Repair,3,21,N/A,+1 416-216-7111,"199 Bay Street, Unit C-196, Toronto, ON M5L 1E2, Canada",https://www.yelp.com/biz/mobile-klinik-professional-smartphone-repair-toronto-13?adjust_creative=nzsOrWQEZA8rEfPyq3271g&utm_campaign=yelp_api_v3&utm_medium=api_v3_business_search&utm_source=nzsOrWQEZA8rEfPyq3271g,N/A,N/A,"Mobile Phones, Mobile Phone Repair, Mobile Phone Accessories",https://www.yelp.com/biz/mobile-klinik-professional-smartphone-repair-toronto-13?adjust_creative=nzsOrWQEZA8rEfPyq3271g&utm_campaign=yelp_api_v3&utm_medium=api_v3_business_search&utm_source=nzsOrWQEZA8rEfPyq3271g,Hamilton,mobile-klinik-professional-smartphone-repair-toronto-13
iRepair.ca,3.5,120,N/A,+1 416-324-2764,"494 College Street, Toronto, ON M6G 1A4, Canada",https://www.yelp.com/biz/irepair-ca-toronto-5?adjust_creative=nzsOrWQEZA8rEfPyq3271g&utm_campaign=yelp_api_v3&utm_medium=api_v3_business_search&utm_source=nzsOrWQEZA8rEfPyq3271g,N/A,N/A,"Electronics Repair, Mobile Phone Repair",https://www.yelp.com/biz/irepair-ca-toronto-5?adjust_creative=nzsOrWQEZA8rEfPyq3271g&utm_campaign=yelp_api_v3&utm_medium=api_v3_business_search&utm_source=nzsOrWQEZA8rEfPyq3271g,Hamilton,irepair-ca-toronto-5
SELLTECK,4.6,43,N/A,+1 416-625-6462,"576 Dundas St W, Toronto, ON M5T 1H5, Canada",https://www.yelp.com/biz/sellteck-toronto?adjust_creative=nzsOrWQEZA8rEfPyq3271g&utm_campaign=yelp_api_v3&utm_medium=api_v3_business_search&utm_source=nzsOrWQEZA8rEfPyq3271g,N/A,N/A,"Mobile Phones, Mobile Phone Repair",https://www.yelp.com/biz/sellteck-toronto?adjust_creative=nzsOrWQEZA8rEfPyq3271g&utm_campaign=yelp_api_v3&utm_medium=api_v3_business_search&utm_source=nzsOrWQEZA8rEfPyq3271g,Hamilton,sellteck-toronto
IPace Electronics,0,0,N/A,+1 905-553-0049,"2620 Rutherford Road, Unit 111, Vaughan, ON L4K 0H1, Canada",https://www.yelp.com/biz/ipace-electronics-vaughan-2?adjust_creative=nzsOrWQEZA8rEfPyq3271g&utm_campaign=yelp_api_v3&utm_medium=api_v3_business_search&utm_source=nzsOrWQEZA8rEfPyq3271g,N/A,N/A,"Electronics, Mobile Phone Repair, Electronics Repair",https://www.yelp.com/biz/ipace-electronics-vaughan-2?adjust_creative=nzsOrWQEZA8rEfPyq3271g&utm_campaign=yelp_api_v3&utm_medium=api_v3_business_search&utm_source=nzsOrWQEZA8rEfPyq3271g,Hamilton,ipace-electronics-vaughan-2
Tech Zone,2.7,25,N/A,+1 416-977-7878,"326 Spadina Avenue, Toronto, ON M5T 2E7, Canada",https://www.yelp.com/biz/tech-zone-toronto?adjust_creative=nzsOrWQEZA8rEfPyq3271g&utm_campaign=yelp_api_v3&utm_medium=api_v3_business_search&utm_source=nzsOrWQEZA8rEfPyq3271g,N/A,N/A,"Mobile Phone Repair, Mobile Phones",https://www.yelp.com/biz/tech-zone-toronto?adjust_creative=nzsOrWQEZA8rEfPyq3271g&utm_campaign=yelp_api_v3&utm_medium=api_v3_business_search&utm_source=nzsOrWQEZA8rEfPyq3271g,Hamilton,tech-zone-toronto
Canfixit,5,5,N/A,+1 647-978-2271,"Toronto, ON M6J 2X7, Canada",https://www.yelp.com/biz/canfixit-toronto-2?adjust_creative=nzsOrWQEZA8rEfPyq3271g&utm_campaign=yelp_api_v3&utm_medium=api_v3_business_search&utm_source=nzsOrWQEZA8rEfPyq3271g,N/A,N/A,Mobile Phone Repair,https://www.yelp.com/biz/canfixit-toronto-2?adjust_creative=nzsOrWQEZA8rEfPyq3271g&utm_campaign=yelp_api_v3&utm_medium=api_v3_business_search&utm_source=nzsOrWQEZA8rEfPyq3271g,Hamilton,canfixit-toronto-2
Xwireless Phone & Computer Repair,5,4,N/A,+1 647-352-8786,"146 Baldwin street, Toronto, ON M5T 1L8, Canada",https://www.yelp.com/biz/xwireless-phone-and-computer-repair-toronto-2?adjust_creative=nzsOrWQEZA8rEfPyq3271g&utm_campaign=yelp_api_v3&utm_medium=api_v3_business_search&utm_source=nzsOrWQEZA8rEfPyq3271g,N/A,N/A,Mobile Phone Repair,https://www.yelp.com/biz/xwireless-phone-and-computer-repair-toronto-2?adjust_creative=nzsOrWQEZA8rEfPyq3271g&utm_campaign=yelp_api_v3&utm_medium=api_v3_business_search&utm_source=nzsOrWQEZA8rEfPyq3271g,Hamilton,xwireless-phone-and-computer-repair-toronto-2
The Phone Link,4,5,N/A,+1 647-670-2184,"602 Richmond Street W, Toronto, ON M5V 1Y9, Canada",https://www.yelp.com/biz/the-phone-link-toronto?adjust_creative=nzsOrWQEZA8rEfPyq3271g&utm_campaign=yelp_api_v3&utm_medium=api_v3_business_search&utm_source=nzsOrWQEZA8rEfPyq3271g,N/A,N/A,"Mobile Phone Repair, Mobile Phones, Watch Repair",https://www.yelp.com/biz/the-phone-link-toronto?adjust_creative=nzsOrWQEZA8rEfPyq3271g&utm_campaign=yelp_api_v3&utm_medium=api_v3_business_search&utm_source=nzsOrWQEZA8rEfPyq3271g,Hamilton,the-phone-link-toronto
The Fone Store,3.4,9,N/A,+1 416-792-5511,"399 Yonge Street, Toronto, ON M5B 1S9, Canada",https://www.yelp.com/biz/the-fone-store-toronto?adjust_creative=nzsOrWQEZA8rEfPyq3271g&utm_campaign=yelp_api_v3&utm_medium=api_v3_business_search&utm_source=nzsOrWQEZA8rEfPyq3271g,N/A,N/A,"Mobile Phone Repair, Mobile Phones, Mobile Phone Accessories",https://www.yelp.com/biz/the-fone-store-toronto?adjust_creative=nzsOrWQEZA8rEfPyq3271g&utm_campaign=yelp_api_v3&utm_medium=api_v3_business_search&utm_source=nzsOrWQEZA8rEfPyq3271g,Hamilton,the-fone-store-toronto
Fixt Wireless Repair,4.3,6,N/A,+1 416-967-3498,"2 Bloor Street W, Unit C08, Toronto, ON M4W 3E2, Canada",https://www.yelp.com/biz/fixt-wireless-repair-toronto-11?adjust_creative=nzsOrWQEZA8rEfPyq3271g&utm_campaign=yelp_api_v3&utm_medium=api_v3_business_search&utm_source=nzsOrWQEZA8rEfPyq3271g,N/A,N/A,"Mobile Phone Repair, Mobile Phones, Mobile Phone Accessories",https://www.yelp.com/biz/fixt-wireless-repair-toronto-11?adjust_creative=nzsOrWQEZA8rEfPyq3271g&utm_campaign=yelp_api_v3&utm_medium=api_v3_business_search&utm_source=nzsOrWQEZA8rEfPyq3271g,Hamilton,fixt-wireless-repair-toronto-11
Tech Shop,3,2,N/A,+1 416-573-8479,"231 Carlton Street, Toronto, ON M5A 2L2, Canada",https://www.yelp.com/biz/tech-shop-toronto?adjust_creative=nzsOrWQEZA8rEfPyq3271g&utm_campaign=yelp_api_v3&utm_medium=api_v3_business_search&utm_source=nzsOrWQEZA8rEfPyq3271g,N/A,N/A,"Mobile Phone Repair, Mobile Phone Accessories, Computers",https://www.yelp.com/biz/tech-shop-toronto?adjust_creative=nzsOrWQEZA8rEfPyq3271g&utm_campaign=yelp_api_v3&utm_medium=api_v3_business_search&utm_source=nzsOrWQEZA8rEfPyq3271g,Hamilton,tech-shop-toronto
iFix Mobile,4.9,10,N/A,+1 416-519-8600,"615 Mount Pleasant Rd, Toronto, ON M4S 2M5, Canada",https://www.yelp.com/biz/ifix-mobile-toronto-5?adjust_creative=nzsOrWQEZA8rEfPyq3271g&utm_campaign=yelp_api_v3&utm_medium=api_v3_business_search&utm_source=nzsOrWQEZA8rEfPyq3271g,N/A,N/A,"Mobile Phones, Mobile Phone Repair",https://www.yelp.com/biz/ifix-mobile-toronto-5?adjust_creative=nzsOrWQEZA8rEfPyq3271g&utm_campaign=yelp_api_v3&utm_medium=api_v3_business_search&utm_source=nzsOrWQEZA8rEfPyq3271g,Hamilton,ifix-mobile-toronto-5
iTel Wireless,4,8,N/A,+1 647-247-3829,"449 Carlaw Avenue, Toronto, ON M4K 3H9, Canada",https://www.yelp.com/biz/itel-wireless-toronto?adjust_creative=nzsOrWQEZA8rEfPyq3271g&utm_campaign=yelp_api_v3&utm_medium=api_v3_business_search&utm_source=nzsOrWQEZA8rEfPyq3271g,N/A,N/A,"Mobile Phones, Mobile Phone Repair, Computers",https://www.yelp.com/biz/itel-wireless-toronto?adjust_creative=nzsOrWQEZA8rEfPyq3271g&utm_campaign=yelp_api_v3&utm_medium=api_v3_business_search&utm_source=nzsOrWQEZA8rEfPyq3271g,Hamilton,itel-wireless-toronto
Roger's Computer Technology,4.2,5,N/A,+1 416-603-8222,"767 Dundas Street W, Toronto, ON M6J 1T9, Canada",https://www.yelp.com/biz/rogers-computer-technology-toronto?adjust_creative=nzsOrWQEZA8rEfPyq3271g&utm_campaign=yelp_api_v3&utm_medium=api_v3_business_search&utm_source=nzsOrWQEZA8rEfPyq3271g,N/A,N/A,"Computers, Mobile Phone Repair",https://www.yelp.com/biz/rogers-computer-technology-toronto?adjust_creative=nzsOrWQEZA8rEfPyq3271g&utm_campaign=yelp_api_v3&utm_medium=api_v3_business_search&utm_source=nzsOrWQEZA8rEfPyq3271g,Hamilton,rogers-computer-technology-toronto
Mobile Square,3.7,68,N/A,+1 647-970-9700,"8339 Kennedy Road, Unit 2368, Markham, ON L3R 1J5, Canada",https://www.yelp.com/biz/mobile-square-markham-5?adjust_creative=nzsOrWQEZA8rEfPyq3271g&utm_campaign=yelp_api_v3&utm_medium=api_v3_business_search&utm_source=nzsOrWQEZA8rEfPyq3271g,N/A,N/A,"Mobile Phones, Mobile Phone Repair, Mobile Phone Accessories",https://www.yelp.com/biz/mobile-square-markham-5?adjust_creative=nzsOrWQEZA8rEfPyq3271g&utm_campaign=yelp_api_v3&utm_medium=api_v3_business_search&utm_source=nzsOrWQEZA8rEfPyq3271g,Hamilton,mobile-square-markham-5
iFixthat2,5,3,N/A,+1 416-729-9148,"8339 Kennedy Road, Unit 2337, Markham, ON L3R 0P5, Canada",https://www.yelp.com/biz/ifixthat2-markham-2?adjust_creative=nzsOrWQEZA8rEfPyq3271g&utm_campaign=yelp_api_v3&utm_medium=api_v3_business_search&utm_source=nzsOrWQEZA8rEfPyq3271g,N/A,N/A,"Mobile Phone Repair, Mobile Phones, Electronics Repair",https://www.yelp.com/biz/ifixthat2-markham-2?adjust_creative=nzsOrWQEZA8rEfPyq3271g&utm_campaign=yelp_api_v3&utm_medium=api_v3_business_search&utm_source=nzsOrWQEZA8rEfPyq3271g,Hamilton,ifixthat2-markham-2
All About Tech,5,2,N/A,+1 416-923-1523,"584 St Clair Avenue W, Toronto, ON M5R 2V9, Canada",https://www.yelp.com/biz/all-about-tech-toronto?adjust_creative=nzsOrWQEZA8rEfPyq3271g&utm_campaign=yelp_api_v3&utm_medium=api_v3_business_search&utm_source=nzsOrWQEZA8rEfPyq3271g,N/A,N/A,Mobile Phone Repair,https://www.yelp.com/biz/all-about-tech-toronto?adjust_creative=nzsOrWQEZA8rEfPyq3271g&utm_campaign=yelp_api_v3&utm_medium=api_v3_business_search&utm_source=nzsOrWQEZA8rEfPyq3271g,Hamilton,all-about-tech-toronto
HI-End Gadgets,2.7,6,N/A,+1 647-436-1007,"685  Yonge Street, Toronto, ON M4Y 1Z4, Canada",https://www.yelp.com/biz/hi-end-gadgets-toronto?adjust_creative=nzsOrWQEZA8rEfPyq3271g&utm_campaign=yelp_api_v3&utm_medium=api_v3_business_search&utm_source=nzsOrWQEZA8rEfPyq3271g,N/A,N/A,"Mobile Phones, Mobile Phone Repair",https://www.yelp.com/biz/hi-end-gadgets-toronto?adjust_creative=nzsOrWQEZA8rEfPyq3271g&utm_campaign=yelp_api_v3&utm_medium=api_v3_business_search&utm_source=nzsOrWQEZA8rEfPyq3271g,Hamilton,hi-end-gadgets-toronto
Fixt Wireless Repair,5,10,N/A,+1 416-469-3498,"275 Danforth Avenue, Toronto, ON M4K 1N2, Canada",https://www.yelp.com/biz/fixt-wireless-repair-toronto-6?adjust_creative=nzsOrWQEZA8rEfPyq3271g&utm_campaign=yelp_api_v3&utm_medium=api_v3_business_search&utm_source=nzsOrWQEZA8rEfPyq3271g,N/A,N/A,"Mobile Phone Repair, Mobile Phones, Mobile Phone Accessories",https://www.yelp.com/biz/fixt-wireless-repair-toronto-6?adjust_creative=nzsOrWQEZA8rEfPyq3271g&utm_campaign=yelp_api_v3&utm_medium=api_v3_business_search&utm_source=nzsOrWQEZA8rEfPyq3271g,Hamilton,fixt-wireless-repair-toronto-6
Cell.Rox,2.9,7,N/A,+1 416-260-1800,"384 Yonge Street, Unit 94, Toronto, ON M5B 1S8, Canada",https://www.yelp.com/biz/cell-rox-toronto-3?adjust_creative=nzsOrWQEZA8rEfPyq3271g&utm_campaign=yelp_api_v3&utm_medium=api_v3_business_search&utm_source=nzsOrWQEZA8rEfPyq3271g,N/A,N/A,Mobile Phone Repair,https://www.yelp.com/biz/cell-rox-toronto-3?adjust_creative=nzsOrWQEZA8rEfPyq3271g&utm_campaign=yelp_api_v3&utm_medium=api_v3_business_search&utm_source=nzsOrWQEZA8rEfPyq3271g,Hamilton,cell-rox-toronto-3
Fixt Wireless Repair,4.2,20,N/A,+1 416-961-3498,"499 Bloor Street W, Toronto, ON M5S 1Y2, Canada",https://www.yelp.com/biz/fixt-wireless-repair-toronto-18?adjust_creative=nzsOrWQEZA8rEfPyq3271g&utm_campaign=yelp_api_v3&utm_medium=api_v3_business_search&utm_source=nzsOrWQEZA8rEfPyq3271g,N/A,N/A,Mobile Phone Repair,https://www.yelp.com/biz/fixt-wireless-repair-toronto-18?adjust_creative=nzsOrWQEZA8rEfPyq3271g&utm_campaign=yelp_api_v3&utm_medium=api_v3_business_search&utm_source=nzsOrWQEZA8rEfPyq3271g,Hamilton,fixt-wireless-repair-toronto-18
uBreakiFix,3.4,8,N/A,+1 416-469-1349,"704 Danforth Avenue, Toronto, ON M4J 1L1, Canada",https://www.yelp.com/biz/ubreakifix-toronto-2?adjust_creative=nzsOrWQEZA8rEfPyq3271g&utm_campaign=yelp_api_v3&utm_medium=api_v3_business_search&utm_source=nzsOrWQEZA8rEfPyq3271g,N/A,N/A,"Mobile Phone Repair, Electronics Repair, Mobile Phones",https://www.yelp.com/biz/ubreakifix-toronto-2?adjust_creative=nzsOrWQEZA8rEfPyq3271g&utm_campaign=yelp_api_v3&utm_medium=api_v3_business_search&utm_source=nzsOrWQEZA8rEfPyq3271g,Hamilton,ubreakifix-toronto-2
Eclise Technology,0,0,N/A,+1 437-217-8163,"1608 Weston Road, Toronto, ON M9N 1T9, Canada",https://www.yelp.com/biz/eclise-technology-toronto-3?adjust_creative=nzsOrWQEZA8rEfPyq3271g&utm_campaign=yelp_api_v3&utm_medium=api_v3_business_search&utm_source=nzsOrWQEZA8rEfPyq3271g,N/A,N/A,Mobile Phone Repair,https://www.yelp.com/biz/eclise-technology-toronto-3?adjust_creative=nzsOrWQEZA8rEfPyq3271g&utm_campaign=yelp_api_v3&utm_medium=api_v3_business_search&utm_source=nzsOrWQEZA8rEfPyq3271g,Hamilton,eclise-technology-toronto-3
fusion mobile,4.5,13,N/A,+1 416-564-7649,"764 Danforth Avenue, toronto, ON M4J 1L5, Canada",https://www.yelp.com/biz/fusion-mobile-toronto-5?adjust_creative=nzsOrWQEZA8rEfPyq3271g&utm_campaign=yelp_api_v3&utm_medium=api_v3_business_search&utm_source=nzsOrWQEZA8rEfPyq3271g,N/A,N/A,"Mobile Phones, Electronics",https://www.yelp.com/biz/fusion-mobile-toronto-5?adjust_creative=nzsOrWQEZA8rEfPyq3271g&utm_campaign=yelp_api_v3&utm_medium=api_v3_business_search&utm_source=nzsOrWQEZA8rEfPyq3271g,Hamilton,fusion-mobile-toronto-5
Ming Wireless,2,29,N/A,+1 416-979-8848,"250 Dundas Street W, Unit 106, Toronto, ON M5T 2Z5, Canada",https://www.yelp.com/biz/ming-wireless-toronto?adjust_creative=nzsOrWQEZA8rEfPyq3271g&utm_campaign=yelp_api_v3&utm_medium=api_v3_business_search&utm_source=nzsOrWQEZA8rEfPyq3271g,N/A,N/A,"Mobile Phones, Mobile Phone Repair",https://www.yelp.com/biz/ming-wireless-toronto?adjust_creative=nzsOrWQEZA8rEfPyq3271g&utm_campaign=yelp_api_v3&utm_medium=api_v3_business_search&utm_source=nzsOrWQEZA8rEfPyq3271g,Hamilton,ming-wireless-toronto
Alfatech Communications,5,1,N/A,+1 416-759-9888,"1801 Lawrence Avenue, Unit 11, Toronto, ON M1R 2X7, Canada",https://www.yelp.com/biz/alfatech-communications-toronto?adjust_creative=nzsOrWQEZA8rEfPyq3271g&utm_campaign=yelp_api_v3&utm_medium=api_v3_business_search&utm_source=nzsOrWQEZA8rEfPyq3271g,N/A,N/A,"Mobile Phone Repair, Mobile Phone Accessories",https://www.yelp.com/biz/alfatech-communications-toronto?adjust_creative=nzsOrWQEZA8rEfPyq3271g&utm_campaign=yelp_api_v3&utm_medium=api_v3_business_search&utm_source=nzsOrWQEZA8rEfPyq3271g,Hamilton,alfatech-communications-toronto
Abbys Convenience Plus Wireless Club,3.5,6,N/A,+1 416-833-8330,"675 Queen Street W, Toronto, ON M6J 1E6, Canada",https://www.yelp.com/biz/abbys-convenience-plus-wireless-club-toronto?adjust_creative=nzsOrWQEZA8rEfPyq3271g&utm_campaign=yelp_api_v3&utm_medium=api_v3_business_search&utm_source=nzsOrWQEZA8rEfPyq3271g,N/A,N/A,"Mobile Phone Repair, Mobile Phones, Mobile Phone Accessories",https://www.yelp.com/biz/abbys-convenience-plus-wireless-club-toronto?adjust_creative=nzsOrWQEZA8rEfPyq3271g&utm_campaign=yelp_api_v3&utm_medium=api_v3_business_search&utm_source=nzsOrWQEZA8rEfPyq3271g,Hamilton,abbys-convenience-plus-wireless-club-toronto
CPR Cell Phone Repair Toronto,4.1,20,N/A,+1 647-748-2355,"3200 Dufferin Street, Unit 14B, Toronto, ON M6A 3B2, Canada",https://www.yelp.com/biz/cpr-cell-phone-repair-toronto-toronto-5?adjust_creative=nzsOrWQEZA8rEfPyq3271g&utm_campaign=yelp_api_v3&utm_medium=api_v3_business_search&utm_source=nzsOrWQEZA8rEfPyq3271g,N/A,N/A,"Mobile Phones, Electronics Repair, Mobile Phone Repair",https://www.yelp.com/biz/cpr-cell-phone-repair-toronto-toronto-5?adjust_creative=nzsOrWQEZA8rEfPyq3271g&utm_campaign=yelp_api_v3&utm_medium=api_v3_business_search&utm_source=nzsOrWQEZA8rEfPyq3271g,Hamilton,cpr-cell-phone-repair-toronto-toronto-5
iRepair,2.1,45,N/A,+1 416-840-4465,"2109 Yonge Street, Toronto, ON M4S 2A4, Canada",https://www.yelp.com/biz/irepair-toronto-2?adjust_creative=nzsOrWQEZA8rEfPyq3271g&utm_campaign=yelp_api_v3&utm_medium=api_v3_business_search&utm_source=nzsOrWQEZA8rEfPyq3271g,N/A,N/A,"Electronics Repair, Mobile Phone Repair",https://www.yelp.com/biz/irepair-toronto-2?adjust_creative=nzsOrWQEZA8rEfPyq3271g&utm_campaign=yelp_api_v3&utm_medium=api_v3_business_search&utm_source=nzsOrWQEZA8rEfPyq3271g,Hamilton,irepair-toronto-2
Uphill Wireless - Downtown,2.1,19,N/A,+1 647-344-5552,"600 Yonge Street, Toronto, ON M4Y 1Z3, Canada",https://www.yelp.com/biz/uphill-wireless-downtown-toronto?adjust_creative=nzsOrWQEZA8rEfPyq3271g&utm_campaign=yelp_api_v3&utm_medium=api_v3_business_search&utm_source=nzsOrWQEZA8rEfPyq3271g,N/A,N/A,Mobile Phone Repair,https://www.yelp.com/biz/uphill-wireless-downtown-toronto?adjust_creative=nzsOrWQEZA8rEfPyq3271g&utm_campaign=yelp_api_v3&utm_medium=api_v3_business_search&utm_source=nzsOrWQEZA8rEfPyq3271g,Hamilton,uphill-wireless-downtown-toronto
Wireless Plus,4.4,7,N/A,+1 905-237-6001,"10088 Yonge St, Richmond Hill, ON L4C 1T7, Canada",https://www.yelp.com/biz/wireless-plus-richmond-hill?adjust_creative=nzsOrWQEZA8rEfPyq3271g&utm_campaign=yelp_api_v3&utm_medium=api_v3_business_search&utm_source=nzsOrWQEZA8rEfPyq3271g,N/A,N/A,"Mobile Phones, Electronics Repair, IT Services & Computer Repair",https://www.yelp.com/biz/wireless-plus-richmond-hill?adjust_creative=nzsOrWQEZA8rEfPyq3271g&utm_campaign=yelp_api_v3&utm_medium=api_v3_business_search&utm_source=nzsOrWQEZA8rEfPyq3271g,Hamilton,wireless-plus-richmond-hill
Gadgets Plus,3.3,10,N/A,+1 647-350-1264,"629 Yonge Street, Toronto, ON M4Y 1Z5, Canada",https://www.yelp.com/biz/gadgets-plus-toronto-2?adjust_creative=nzsOrWQEZA8rEfPyq3271g&utm_campaign=yelp_api_v3&utm_medium=api_v3_business_search&utm_source=nzsOrWQEZA8rEfPyq3271g,N/A,N/A,"Mobile Phone Repair, Electronics Repair, Mobile Phones",https://www.yelp.com/biz/gadgets-plus-toronto-2?adjust_creative=nzsOrWQEZA8rEfPyq3271g&utm_campaign=yelp_api_v3&utm_medium=api_v3_business_search&utm_source=nzsOrWQEZA8rEfPyq3271g,Hamilton,gadgets-plus-toronto-2
The Tec Fixer,4,5,N/A,+1 416-684-1234,"275 Dundas Street W, Unit 5, Toronto, ON M5T 3K1, Canada",https://www.yelp.com/biz/the-tec-fixer-toronto-2?adjust_creative=nzsOrWQEZA8rEfPyq3271g&utm_campaign=yelp_api_v3&utm_medium=api_v3_business_search&utm_source=nzsOrWQEZA8rEfPyq3271g,N/A,N/A,"Mobile Phone Accessories, Mobile Phone Repair, Mobile Phones",https://www.yelp.com/biz/the-tec-fixer-toronto-2?adjust_creative=nzsOrWQEZA8rEfPyq3271g&utm_campaign=yelp_api_v3&utm_medium=api_v3_business_search&utm_source=nzsOrWQEZA8rEfPyq3271g,Hamilton,the-tec-fixer-toronto-2
Superfuzz Audio,2.8,6,N/A,+1 416-532-3261,"1261 Dundas Street W, Toronto, ON M6J 1X6, Canada",https://www.yelp.com/biz/superfuzz-audio-toronto?adjust_creative=nzsOrWQEZA8rEfPyq3271g&utm_campaign=yelp_api_v3&utm_medium=api_v3_business_search&utm_source=nzsOrWQEZA8rEfPyq3271g,N/A,N/A,"Musical Instruments & Teachers, Electronics Repair",https://www.yelp.com/biz/superfuzz-audio-toronto?adjust_creative=nzsOrWQEZA8rEfPyq3271g&utm_campaign=yelp_api_v3&utm_medium=api_v3_business_search&utm_source=nzsOrWQEZA8rEfPyq3271g,Hamilton,superfuzz-audio-toronto
Mobile Technique,1,1,N/A,+1 647-784-8160,"2 Bloor Street W, Toronto, ON M4W 3E2, Canada",https://www.yelp.com/biz/mobile-technique-toronto?adjust_creative=nzsOrWQEZA8rEfPyq3271g&utm_campaign=yelp_api_v3&utm_medium=api_v3_business_search&utm_source=nzsOrWQEZA8rEfPyq3271g,N/A,N/A,Mobile Phone Repair,https://www.yelp.com/biz/mobile-technique-toronto?adjust_creative=nzsOrWQEZA8rEfPyq3271g&utm_campaign=yelp_api_v3&utm_medium=api_v3_business_search&utm_source=nzsOrWQEZA8rEfPyq3271g,Hamilton,mobile-technique-toronto
Leo Electronics,1,2,N/A,+1 416-748-3636,"1770 Albion Road, Unit 45, Toronto, ON M9V 1C2, Canada",https://www.yelp.com/biz/leo-electronics-toronto?adjust_creative=nzsOrWQEZA8rEfPyq3271g&utm_campaign=yelp_api_v3&utm_medium=api_v3_business_search&utm_source=nzsOrWQEZA8rEfPyq3271g,N/A,N/A,"Mobile Phones, Electronics Repair, Electronics",https://www.yelp.com/biz/leo-electronics-toronto?adjust_creative=nzsOrWQEZA8rEfPyq3271g&utm_campaign=yelp_api_v3&utm_medium=api_v3_business_search&utm_source=nzsOrWQEZA8rEfPyq3271g,Hamilton,leo-electronics-toronto
Mobizone,0,0,N/A,+1 647-350-7860,"533 Parliament Street, Toronto, ON M4X 1P3, Canada",https://www.yelp.com/biz/mobizone-toronto?adjust_creative=nzsOrWQEZA8rEfPyq3271g&utm_campaign=yelp_api_v3&utm_medium=api_v3_business_search&utm_source=nzsOrWQEZA8rEfPyq3271g,N/A,N/A,"Mobile Phones, Mobile Phone Repair, Mobile Phone Accessories",https://www.yelp.com/biz/mobizone-toronto?adjust_creative=nzsOrWQEZA8rEfPyq3271g&utm_campaign=yelp_api_v3&utm_medium=api_v3_business_search&utm_source=nzsOrWQEZA8rEfPyq3271g,Hamilton,mobizone-toronto
Gadgets & Gold,3.7,3,N/A,+1 416-490-8886,"2814 Victoria Park Avenue, Toronto, ON M2J 4A8, Canada",https://www.yelp.com/biz/gadgets-and-gold-toronto?adjust_creative=nzsOrWQEZA8rEfPyq3271g&utm_campaign=yelp_api_v3&utm_medium=api_v3_business_search&utm_source=nzsOrWQEZA8rEfPyq3271g,N/A,N/A,"Mobile Phone Repair, Jewelry, Mobile Phone Accessories",https://www.yelp.com/biz/gadgets-and-gold-toronto?adjust_creative=nzsOrWQEZA8rEfPyq3271g&utm_campaign=yelp_api_v3&utm_medium=api_v3_business_search&utm_source=nzsOrWQEZA8rEfPyq3271g,Hamilton,gadgets-and-gold-toronto
AnywhereFix,5,1,N/A,+1 647-491-4977,"Mississauga, ON L5M 7K9, Canada",https://www.yelp.com/biz/anywherefix-mississauga-2?adjust_creative=nzsOrWQEZA8rEfPyq3271g&utm_campaign=yelp_api_v3&utm_medium=api_v3_business_search&utm_source=nzsOrWQEZA8rEfPyq3271g,N/A,N/A,Mobile Phone Repair,https://www.yelp.com/biz/anywherefix-mississauga-2?adjust_creative=nzsOrWQEZA8rEfPyq3271g&utm_campaign=yelp_api_v3&utm_medium=api_v3_business_search&utm_source=nzsOrWQEZA8rEfPyq3271g,Hamilton,anywherefix-mississauga-2
Digitech Repair Service,5,2,N/A,+1 416-551-3044,"198A Davenport Rd, Toronto, ON M5R 1J2, Canada",https://www.yelp.com/biz/digitech-repair-service-toronto?adjust_creative=nzsOrWQEZA8rEfPyq3271g&utm_campaign=yelp_api_v3&utm_medium=api_v3_business_search&utm_source=nzsOrWQEZA8rEfPyq3271g,N/A,N/A,Mobile Phone Repair,https://www.yelp.com/biz/digitech-repair-service-toronto?adjust_creative=nzsOrWQEZA8rEfPyq3271g&utm_campaign=yelp_api_v3&utm_medium=api_v3_business_search&utm_source=nzsOrWQEZA8rEfPyq3271g,Hamilton,digitech-repair-service-toronto
Empire Wireless,5,1,N/A,+1 647-349-6686,"876 Danforth Ave, Toronto, ON M4J 1L7, Canada",https://www.yelp.com/biz/empire-wireless-toronto-2?adjust_creative=nzsOrWQEZA8rEfPyq3271g&utm_campaign=yelp_api_v3&utm_medium=api_v3_business_search&utm_source=nzsOrWQEZA8rEfPyq3271g,N/A,N/A,"Mobile Phone Repair, Mobile Phone Accessories",https://www.yelp.com/biz/empire-wireless-toronto-2?adjust_creative=nzsOrWQEZA8rEfPyq3271g&utm_campaign=yelp_api_v3&utm_medium=api_v3_business_search&utm_source=nzsOrWQEZA8rEfPyq3271g,Hamilton,empire-wireless-toronto-2
Wireless Fix,3,4,N/A,,"220 Yonge Street, CF Toronto Eaton Centre, Toronto, ON M5B 2H1, Canada",https://www.yelp.com/biz/wireless-fix-toronto?adjust_creative=nzsOrWQEZA8rEfPyq3271g&utm_campaign=yelp_api_v3&utm_medium=api_v3_business_search&utm_source=nzsOrWQEZA8rEfPyq3271g,N/A,N/A,"Mobile Phone Repair, Mobile Phones",https://www.yelp.com/biz/wireless-fix-toronto?adjust_creative=nzsOrWQEZA8rEfPyq3271g&utm_campaign=yelp_api_v3&utm_medium=api_v3_business_search&utm_source=nzsOrWQEZA8rEfPyq3271g,Hamilton,wireless-fix-toronto
Navi Wireless,0,0,N/A,+1 647-430-7717,"2541 Finch Ave West, Toronto, ON M9M 2G1, Canada",https://www.yelp.com/biz/navi-wireless-toronto?adjust_creative=nzsOrWQEZA8rEfPyq3271g&utm_campaign=yelp_api_v3&utm_medium=api_v3_business_search&utm_source=nzsOrWQEZA8rEfPyq3271g,N/A,N/A,"Mobile Phones, Mobile Phone Repair, Mobile Phone Accessories",https://www.yelp.com/biz/navi-wireless-toronto?adjust_creative=nzsOrWQEZA8rEfPyq3271g&utm_campaign=yelp_api_v3&utm_medium=api_v3_business_search&utm_source=nzsOrWQEZA8rEfPyq3271g,Hamilton,navi-wireless-toronto
Hotwire Communications,4.5,2,N/A,+1 416-651-6868,"1061 St. Clair Avenue W, Toronto, ON M6E 1A6, Canada",https://www.yelp.com/biz/hotwire-communications-toronto-2?adjust_creative=nzsOrWQEZA8rEfPyq3271g&utm_campaign=yelp_api_v3&utm_medium=api_v3_business_search&utm_source=nzsOrWQEZA8rEfPyq3271g,N/A,N/A,"Mobile Phones, Mobile Phone Repair",https://www.yelp.com/biz/hotwire-communications-toronto-2?adjust_creative=nzsOrWQEZA8rEfPyq3271g&utm_campaign=yelp_api_v3&utm_medium=api_v3_business_search&utm_source=nzsOrWQEZA8rEfPyq3271g,Hamilton,hotwire-communications-toronto-2
Ring Audio,4.1,15,N/A,+1 416-693-7464,"17 Carlaw Ave, Unit 6, Toronto, ON M4M 2R6, Canada",https://www.yelp.com/biz/ring-audio-toronto?adjust_creative=nzsOrWQEZA8rEfPyq3271g&utm_campaign=yelp_api_v3&utm_medium=api_v3_business_search&utm_source=nzsOrWQEZA8rEfPyq3271g,N/A,N/A,"Electronics, High Fidelity Audio Equipment, Electronics Repair",https://www.yelp.com/biz/ring-audio-toronto?adjust_creative=nzsOrWQEZA8rEfPyq3271g&utm_campaign=yelp_api_v3&utm_medium=api_v3_business_search&utm_source=nzsOrWQEZA8rEfPyq3271g,Hamilton,ring-audio-toronto
Mobile Klinik Professional Smartphone Repair,3.1,10,N/A,+1 416-260-0888,"10 Dundas East, Level B1, Toronto, ON M5B 0A1, Canada",https://www.yelp.com/biz/mobile-klinik-professional-smartphone-repair-toronto-12?adjust_creative=nzsOrWQEZA8rEfPyq3271g&utm_campaign=yelp_api_v3&utm_medium=api_v3_business_search&utm_source=nzsOrWQEZA8rEfPyq3271g,N/A,N/A,"Mobile Phone Repair, Mobile Phones, Mobile Phone Accessories",https://www.yelp.com/biz/mobile-klinik-professional-smartphone-repair-toronto-12?adjust_creative=nzsOrWQEZA8rEfPyq3271g&utm_campaign=yelp_api_v3&utm_medium=api_v3_business_search&utm_source=nzsOrWQEZA8rEfPyq3271g,Hamilton,mobile-klinik-professional-smartphone-repair-toronto-12
Cell Phone Clinic,3.3,7,N/A,+1 416-997-6162,"1212 Bloor Street W, Toronto, ON M6H 1N3, Canada",https://www.yelp.com/biz/cell-phone-clinic-toronto?adjust_creative=nzsOrWQEZA8rEfPyq3271g&utm_campaign=yelp_api_v3&utm_medium=api_v3_business_search&utm_source=nzsOrWQEZA8rEfPyq3271g,N/A,N/A,"Mobile Phone Repair, Mobile Phones, Computers",https://www.yelp.com/biz/cell-phone-clinic-toronto?adjust_creative=nzsOrWQEZA8rEfPyq3271g&utm_campaign=yelp_api_v3&utm_medium=api_v3_business_search&utm_source=nzsOrWQEZA8rEfPyq3271g,Hamilton,cell-phone-clinic-toronto
St Clair Wireless,5,2,N/A,+1 416-901-5858,"539 St Clair Avenue W, Toronto, ON M6C 1A3, Canada",https://www.yelp.com/biz/st-clair-wireless-toronto-2?adjust_creative=nzsOrWQEZA8rEfPyq3271g&utm_campaign=yelp_api_v3&utm_medium=api_v3_business_search&utm_source=nzsOrWQEZA8rEfPyq3271g,N/A,N/A,Mobile Phone Repair,https://www.yelp.com/biz/st-clair-wireless-toronto-2?adjust_creative=nzsOrWQEZA8rEfPyq3271g&utm_campaign=yelp_api_v3&utm_medium=api_v3_business_search&utm_source=nzsOrWQEZA8rEfPyq3271g,Hamilton,st-clair-wireless-toronto-2
Cellmate,1,1,N/A,+1 416-597-1900,"595 Bay Street, Concourse Level, Toronto, ON M5G 2E9, Canada",https://www.yelp.com/biz/cellmate-toronto?adjust_creative=nzsOrWQEZA8rEfPyq3271g&utm_campaign=yelp_api_v3&utm_medium=api_v3_business_search&utm_source=nzsOrWQEZA8rEfPyq3271g,N/A,N/A,"IT Services & Computer Repair, Electronics Repair",https://www.yelp.com/biz/cellmate-toronto?adjust_creative=nzsOrWQEZA8rEfPyq3271g&utm_campaign=yelp_api_v3&utm_medium=api_v3_business_search&utm_source=nzsOrWQEZA8rEfPyq3271g,Hamilton,cellmate-toronto
Fido,1.2,78,N/A,+1 416-849-1855,"290 Queen Street W, Toronto, ON M4W 1A7, Canada",https://www.yelp.com/biz/fido-toronto?adjust_creative=nzsOrWQEZA8rEfPyq3271g&utm_campaign=yelp_api_v3&utm_medium=api_v3_business_search&utm_source=nzsOrWQEZA8rEfPyq3271g,N/A,N/A,Mobile Phones,https://www.yelp.com/biz/fido-toronto?adjust_creative=nzsOrWQEZA8rEfPyq3271g&utm_campaign=yelp_api_v3&utm_medium=api_v3_business_search&utm_source=nzsOrWQEZA8rEfPyq3271g,Hamilton,fido-toronto
DynaSmart,2.3,15,N/A,+1 647-855-4200,"3 Manor Road E, Toronto, ON M4S 1P7, Canada",https://www.yelp.com/biz/dynasmart-toronto-6?adjust_creative=nzsOrWQEZA8rEfPyq3271g&utm_campaign=yelp_api_v3&utm_medium=api_v3_business_search&utm_source=nzsOrWQEZA8rEfPyq3271g,N/A,N/A,"Mobile Phones, Mobile Phone Repair, Mobile Phone Accessories",https://www.yelp.com/biz/dynasmart-toronto-6?adjust_creative=nzsOrWQEZA8rEfPyq3271g&utm_campaign=yelp_api_v3&utm_medium=api_v3_business_search&utm_source=nzsOrWQEZA8rEfPyq3271g,Hamilton,dynasmart-toronto-6
Expert Cabling,5,1,N/A,+1 416-479-0456,"145 Front Street E, Toronto, ON M5A 1E3, Canada",https://www.yelp.com/biz/expert-cabling-toronto-2?adjust_creative=nzsOrWQEZA8rEfPyq3271g&utm_campaign=yelp_api_v3&utm_medium=api_v3_business_search&utm_source=nzsOrWQEZA8rEfPyq3271g,N/A,N/A,"Internet Service Providers, IT Services & Computer Repair",https://www.yelp.com/biz/expert-cabling-toronto-2?adjust_creative=nzsOrWQEZA8rEfPyq3271g&utm_campaign=yelp_api_v3&utm_medium=api_v3_business_search&utm_source=nzsOrWQEZA8rEfPyq3271g,Hamilton,expert-cabling-toronto-2
Cell Xperts,4,6,N/A,+1 647-352-7775,"3227 Eglinton Avenue E, Toronto, ON M1J 3M5, Canada",https://www.yelp.com/biz/cell-xperts-toronto?adjust_creative=nzsOrWQEZA8rEfPyq3271g&utm_campaign=yelp_api_v3&utm_medium=api_v3_business_search&utm_source=nzsOrWQEZA8rEfPyq3271g,N/A,N/A,"Mobile Phones, Mobile Phone Repair",https://www.yelp.com/biz/cell-xperts-toronto?adjust_creative=nzsOrWQEZA8rEfPyq3271g&utm_campaign=yelp_api_v3&utm_medium=api_v3_business_search&utm_source=nzsOrWQEZA8rEfPyq3271g,Hamilton,cell-xperts-toronto
Epic Cellphone Repair,1,1,N/A,+1 647-984-8448,"70 Forest Manor Road, Toronto, ON M2J 1G2, Canada",https://www.yelp.com/biz/epic-cellphone-repair-toronto?adjust_creative=nzsOrWQEZA8rEfPyq3271g&utm_campaign=yelp_api_v3&utm_medium=api_v3_business_search&utm_source=nzsOrWQEZA8rEfPyq3271g,N/A,N/A,"Mobile Phones, Mobile Phone Accessories, Mobile Phone Repair",https://www.yelp.com/biz/epic-cellphone-repair-toronto?adjust_creative=nzsOrWQEZA8rEfPyq3271g&utm_campaign=yelp_api_v3&utm_medium=api_v3_business_search&utm_source=nzsOrWQEZA8rEfPyq3271g,Hamilton,epic-cellphone-repair-toronto
TechSonAr,5,1,N/A,+1 416-923-5319,"25 Crouse Road, Unit 4092, Scarborough, ON M1R 5P8, Canada",https://www.yelp.com/biz/techsonar-scarborough-2?adjust_creative=nzsOrWQEZA8rEfPyq3271g&utm_campaign=yelp_api_v3&utm_medium=api_v3_business_search&utm_source=nzsOrWQEZA8rEfPyq3271g,N/A,N/A,"Electronics Repair, High Fidelity Audio Equipment, Electronics",https://www.yelp.com/biz/techsonar-scarborough-2?adjust_creative=nzsOrWQEZA8rEfPyq3271g&utm_campaign=yelp_api_v3&utm_medium=api_v3_business_search&utm_source=nzsOrWQEZA8rEfPyq3271g,Hamilton,techsonar-scarborough-2
Cellteck,3.7,3,N/A,+1 647-707-6108,"900 Progress Avenue, Toronto, ON M1H 2Z9, Canada",https://www.yelp.com/biz/cellteck-toronto-2?adjust_creative=nzsOrWQEZA8rEfPyq3271g&utm_campaign=yelp_api_v3&utm_medium=api_v3_business_search&utm_source=nzsOrWQEZA8rEfPyq3271g,N/A,N/A,Mobile Phone Repair,https://www.yelp.com/biz/cellteck-toronto-2?adjust_creative=nzsOrWQEZA8rEfPyq3271g&utm_campaign=yelp_api_v3&utm_medium=api_v3_business_search&utm_source=nzsOrWQEZA8rEfPyq3271g,Hamilton,cellteck-toronto-2
JP Wireless,1,1,N/A,+1 416-999-5984,"38 Rexdale Boulevard, Toronto, ON M9W 5Z3, Canada",https://www.yelp.com/biz/jp-wireless-toronto?adjust_creative=nzsOrWQEZA8rEfPyq3271g&utm_campaign=yelp_api_v3&utm_medium=api_v3_business_search&utm_source=nzsOrWQEZA8rEfPyq3271g,N/A,N/A,"Mobile Phones, Mobile Phone Repair",https://www.yelp.com/biz/jp-wireless-toronto?adjust_creative=nzsOrWQEZA8rEfPyq3271g&utm_campaign=yelp_api_v3&utm_medium=api_v3_business_search&utm_source=nzsOrWQEZA8rEfPyq3271g,Hamilton,jp-wireless-toronto
Auxe,5,3,N/A,+1 647-977-9707,"Toronto, ON M5B 1H2, Canada",https://www.yelp.com/biz/auxe-toronto?adjust_creative=nzsOrWQEZA8rEfPyq3271g&utm_campaign=yelp_api_v3&utm_medium=api_v3_business_search&utm_source=nzsOrWQEZA8rEfPyq3271g,N/A,N/A,TV Mounting,https://www.yelp.com/biz/auxe-toronto?adjust_creative=nzsOrWQEZA8rEfPyq3271g&utm_campaign=yelp_api_v3&utm_medium=api_v3_business_search&utm_source=nzsOrWQEZA8rEfPyq3271g,Hamilton,auxe-toronto
ASM Wireless,5,1,N/A,+1 647-343-3930,"2527 Danforth Avenue, Toronto, ON M4C 1L1, Canada",https://www.yelp.com/biz/asm-wireless-toronto-2?adjust_creative=nzsOrWQEZA8rEfPyq3271g&utm_campaign=yelp_api_v3&utm_medium=api_v3_business_search&utm_source=nzsOrWQEZA8rEfPyq3271g,N/A,N/A,"Mobile Phone Accessories, Mobile Phone Repair",https://www.yelp.com/biz/asm-wireless-toronto-2?adjust_creative=nzsOrWQEZA8rEfPyq3271g&utm_campaign=yelp_api_v3&utm_medium=api_v3_business_search&utm_source=nzsOrWQEZA8rEfPyq3271g,Hamilton,asm-wireless-toronto-2
Tech Source,1.8,50,N/A,+1 416-466-1222,"1012 Gerrard Street E, Toronto, ON M4M 1Z3, Canada",https://www.yelp.com/biz/tech-source-toronto?adjust_creative=nzsOrWQEZA8rEfPyq3271g&utm_campaign=yelp_api_v3&utm_medium=api_v3_business_search&utm_source=nzsOrWQEZA8rEfPyq3271g,N/A,N/A,Electronics,https://www.yelp.com/biz/tech-source-toronto?adjust_creative=nzsOrWQEZA8rEfPyq3271g&utm_campaign=yelp_api_v3&utm_medium=api_v3_business_search&utm_source=nzsOrWQEZA8rEfPyq3271g,Hamilton,tech-source-toronto
3GTech Electronics,1.8,24,N/A,+1 888-382-3382,"1055 Canadian Place, Unit 104, Mississauga, ON L4W 0C2, Canada",https://www.yelp.com/biz/3gtech-electronics-mississauga-6?adjust_creative=nzsOrWQEZA8rEfPyq3271g&utm_campaign=yelp_api_v3&utm_medium=api_v3_business_search&utm_source=nzsOrWQEZA8rEfPyq3271g,N/A,N/A,Mobile Phone Repair,https://www.yelp.com/biz/3gtech-electronics-mississauga-6?adjust_creative=nzsOrWQEZA8rEfPyq3271g&utm_campaign=yelp_api_v3&utm_medium=api_v3_business_search&utm_source=nzsOrWQEZA8rEfPyq3271g,Hamilton,3gtech-electronics-mississauga-6
Comet Squared,4.3,15,N/A,+1 647-542-6638,"1675 The Chase, Unit 21, Mississauga, ON L5M 5Y7, Canada",https://www.yelp.com/biz/comet-squared-mississauga-2?adjust_creative=nzsOrWQEZA8rEfPyq3271g&utm_campaign=yelp_api_v3&utm_medium=api_v3_business_search&utm_source=nzsOrWQEZA8rEfPyq3271g,N/A,N/A,"Mobile Phone Repair, Mobile Phone Accessories",https://www.yelp.com/biz/comet-squared-mississauga-2?adjust_creative=nzsOrWQEZA8rEfPyq3271g&utm_campaign=yelp_api_v3&utm_medium=api_v3_business_search&utm_source=nzsOrWQEZA8rEfPyq3271g,Hamilton,comet-squared-mississauga-2
Phonorx Cell Phone Repair,0,0,N/A,+1 647-527-1710,"500 Church Street, Toronto, ON M4Y 2C5, Canada",https://www.yelp.com/biz/phonorx-cell-phone-repair-toronto?adjust_creative=nzsOrWQEZA8rEfPyq3271g&utm_campaign=yelp_api_v3&utm_medium=api_v3_business_search&utm_source=nzsOrWQEZA8rEfPyq3271g,N/A,N/A,Mobile Phone Repair,https://www.yelp.com/biz/phonorx-cell-phone-repair-toronto?adjust_creative=nzsOrWQEZA8rEfPyq3271g&utm_campaign=yelp_api_v3&utm_medium=api_v3_business_search&utm_source=nzsOrWQEZA8rEfPyq3271g,Hamilton,phonorx-cell-phone-repair-toronto
Vision Mobile,2.5,4,N/A,+1 416-844-1111,"3341 Markham Road, Unit 119, Toronto, ON M1X 0A5, Canada",https://www.yelp.com/biz/vision-mobile-toronto-2?adjust_creative=nzsOrWQEZA8rEfPyq3271g&utm_campaign=yelp_api_v3&utm_medium=api_v3_business_search&utm_source=nzsOrWQEZA8rEfPyq3271g,N/A,N/A,"Mobile Phones, Mobile Phone Repair",https://www.yelp.com/biz/vision-mobile-toronto-2?adjust_creative=nzsOrWQEZA8rEfPyq3271g&utm_campaign=yelp_api_v3&utm_medium=api_v3_business_search&utm_source=nzsOrWQEZA8rEfPyq3271g,Hamilton,vision-mobile-toronto-2
Printer Repair GTA,0,0,N/A,+1 416-273-5707,"415 Matheson Boulevard E, Mississauga, ON L4Z 2H2, Canada",https://www.yelp.com/biz/printer-repair-gta-mississauga?adjust_creative=nzsOrWQEZA8rEfPyq3271g&utm_campaign=yelp_api_v3&utm_medium=api_v3_business_search&utm_source=nzsOrWQEZA8rEfPyq3271g,N/A,N/A,Electronics Repair,https://www.yelp.com/biz/printer-repair-gta-mississauga?adjust_creative=nzsOrWQEZA8rEfPyq3271g&utm_campaign=yelp_api_v3&utm_medium=api_v3_business_search&utm_source=nzsOrWQEZA8rEfPyq3271g,Hamilton,printer-repair-gta-mississauga
Smart TV Repair,3.7,3,N/A,+1 416-471-8463,"1487 Eglinton Avenue W, Toronto, ON M6E 2G5, Canada",https://www.yelp.com/biz/smart-tv-repair-toronto?adjust_creative=nzsOrWQEZA8rEfPyq3271g&utm_campaign=yelp_api_v3&utm_medium=api_v3_business_search&utm_source=nzsOrWQEZA8rEfPyq3271g,N/A,N/A,Electronics Repair,https://www.yelp.com/biz/smart-tv-repair-toronto?adjust_creative=nzsOrWQEZA8rEfPyq3271g&utm_campaign=yelp_api_v3&utm_medium=api_v3_business_search&utm_source=nzsOrWQEZA8rEfPyq3271g,Hamilton,smart-tv-repair-toronto
Roadside Cellphone Repair,0,0,N/A,+1 647-204-6422,"Toronto, ON M4P 2H5, Canada",https://www.yelp.com/biz/roadside-cellphone-repair-toronto?adjust_creative=nzsOrWQEZA8rEfPyq3271g&utm_campaign=yelp_api_v3&utm_medium=api_v3_business_search&utm_source=nzsOrWQEZA8rEfPyq3271g,N/A,N/A,Mobile Phone Repair,https://www.yelp.com/biz/roadside-cellphone-repair-toronto?adjust_creative=nzsOrWQEZA8rEfPyq3271g&utm_campaign=yelp_api_v3&utm_medium=api_v3_business_search&utm_source=nzsOrWQEZA8rEfPyq3271g,Hamilton,roadside-cellphone-repair-toronto
Repair Genie,3,2,N/A,+1 437-215-7446,"222 Spadina Avenue, Unit 102B, Toronto, ON M5T 3B3, Canada",https://www.yelp.com/biz/repair-genie-toronto?adjust_creative=nzsOrWQEZA8rEfPyq3271g&utm_campaign=yelp_api_v3&utm_medium=api_v3_business_search&utm_source=nzsOrWQEZA8rEfPyq3271g,N/A,N/A,"Mobile Phone Accessories, IT Services & Computer Repair, Mobile Phones",https://www.yelp.com/biz/repair-genie-toronto?adjust_creative=nzsOrWQEZA8rEfPyq3271g&utm_campaign=yelp_api_v3&utm_medium=api_v3_business_search&utm_source=nzsOrWQEZA8rEfPyq3271g,Hamilton,repair-genie-toronto
Maple Cell Phone and Laptop Services,0,0,N/A,+1 416-587-7105,"10132 Yonge Street, Unit 202C, Richmond Hill, ON L4C 1T6, Canada",https://www.yelp.com/biz/maple-cell-phone-and-laptop-services-richmond-hill-2?adjust_creative=nzsOrWQEZA8rEfPyq3271g&utm_campaign=yelp_api_v3&utm_medium=api_v3_business_search&utm_source=nzsOrWQEZA8rEfPyq3271g,N/A,N/A,"Data Recovery, Mobile Phone Repair, Mobile Phone Accessories",https://www.yelp.com/biz/maple-cell-phone-and-laptop-services-richmond-hill-2?adjust_creative=nzsOrWQEZA8rEfPyq3271g&utm_campaign=yelp_api_v3&utm_medium=api_v3_business_search&utm_source=nzsOrWQEZA8rEfPyq3271g,Hamilton,maple-cell-phone-and-laptop-services-richmond-hill-2
Skyview Electronics,5,1,N/A,+1 905-655-3661,"46 Baldwin Street N, Whitby, ON L1M 1A2, Canada",https://www.yelp.com/biz/skyview-electronics-whitby?adjust_creative=nzsOrWQEZA8rEfPyq3271g&utm_campaign=yelp_api_v3&utm_medium=api_v3_business_search&utm_source=nzsOrWQEZA8rEfPyq3271g,N/A,N/A,"Security Systems, IT Services & Computer Repair, Computers",https://www.yelp.com/biz/skyview-electronics-whitby?adjust_creative=nzsOrWQEZA8rEfPyq3271g&utm_campaign=yelp_api_v3&utm_medium=api_v3_business_search&utm_source=nzsOrWQEZA8rEfPyq3271g,Hamilton,skyview-electronics-whitby
Techhelp,1,1,N/A,+1 647-237-2812,"295 Eglinton Avenue East, Unit 13, Mississauga, ON L4Z 3N5, Canada",https://www.yelp.com/biz/techhelp-mississauga?adjust_creative=nzsOrWQEZA8rEfPyq3271g&utm_campaign=yelp_api_v3&utm_medium=api_v3_business_search&utm_source=nzsOrWQEZA8rEfPyq3271g,N/A,N/A,IT Services & Computer Repair,https://www.yelp.com/biz/techhelp-mississauga?adjust_creative=nzsOrWQEZA8rEfPyq3271g&utm_campaign=yelp_api_v3&utm_medium=api_v3_business_search&utm_source=nzsOrWQEZA8rEfPyq3271g,Hamilton,techhelp-mississauga
Uphill Wireless,2.3,3,N/A,+1 647-346-3392,"3349 Yonge Street, Toronto, ON M4N 2M6, Canada",https://www.yelp.com/biz/uphill-wireless-toronto-9?adjust_creative=nzsOrWQEZA8rEfPyq3271g&utm_campaign=yelp_api_v3&utm_medium=api_v3_business_search&utm_source=nzsOrWQEZA8rEfPyq3271g,N/A,N/A,"Mobile Phone Repair, Mobile Phones",https://www.yelp.com/biz/uphill-wireless-toronto-9?adjust_creative=nzsOrWQEZA8rEfPyq3271g&utm_campaign=yelp_api_v3&utm_medium=api_v3_business_search&utm_source=nzsOrWQEZA8rEfPyq3271g,Hamilton,uphill-wireless-toronto-9
iRepex,2.9,25,N/A,+1 416-222-3624,"6030 Yonge Street, Toronto, ON M2M 3W5, Canada",https://www.yelp.com/biz/irepex-toronto-3?adjust_creative=nzsOrWQEZA8rEfPyq3271g&utm_campaign=yelp_api_v3&utm_medium=api_v3_business_search&utm_source=nzsOrWQEZA8rEfPyq3271g,N/A,N/A,Mobile Phone Repair,https://www.yelp.com/biz/irepex-toronto-3?adjust_creative=nzsOrWQEZA8rEfPyq3271g&utm_campaign=yelp_api_v3&utm_medium=api_v3_business_search&utm_source=nzsOrWQEZA8rEfPyq3271g,Hamilton,irepex-toronto-3
Ami Repair Service,2,4,N/A,+1 416-362-7797,"379 Shuter Street, Toronto, ON M5A 1X3, Canada",https://www.yelp.com/biz/ami-repair-service-toronto?adjust_creative=nzsOrWQEZA8rEfPyq3271g&utm_campaign=yelp_api_v3&utm_medium=api_v3_business_search&utm_source=nzsOrWQEZA8rEfPyq3271g,N/A,N/A,Electronics Repair,https://www.yelp.com/biz/ami-repair-service-toronto?adjust_creative=nzsOrWQEZA8rEfPyq3271g&utm_campaign=yelp_api_v3&utm_medium=api_v3_business_search&utm_source=nzsOrWQEZA8rEfPyq3271g,Hamilton,ami-repair-service-toronto
Samsung,2.8,16,N/A,+1 416-775-3520,"220 Yonge Street, Toronto, ON M5B 2H1, Canada",https://www.yelp.com/biz/samsung-toronto-3?adjust_creative=nzsOrWQEZA8rEfPyq3271g&utm_campaign=yelp_api_v3&utm_medium=api_v3_business_search&utm_source=nzsOrWQEZA8rEfPyq3271g,N/A,N/A,"Electronics, Electronics Repair",https://www.yelp.com/biz/samsung-toronto-3?adjust_creative=nzsOrWQEZA8rEfPyq3271g&utm_campaign=yelp_api_v3&utm_medium=api_v3_business_search&utm_source=nzsOrWQEZA8rEfPyq3271g,Hamilton,samsung-toronto-3
uBreakiFix,3,2,N/A,+1 905-417-1977,"3-9340 Bathurst Street, Vaughan, ON L6A 4N9, Canada",https://www.yelp.com/biz/ubreakifix-vaughan?adjust_creative=nzsOrWQEZA8rEfPyq3271g&utm_campaign=yelp_api_v3&utm_medium=api_v3_business_search&utm_source=nzsOrWQEZA8rEfPyq3271g,N/A,N/A,"Mobile Phone Repair, Electronics Repair",https://www.yelp.com/biz/ubreakifix-vaughan?adjust_creative=nzsOrWQEZA8rEfPyq3271g&utm_campaign=yelp_api_v3&utm_medium=api_v3_business_search&utm_source=nzsOrWQEZA8rEfPyq3271g,Hamilton,ubreakifix-vaughan
Mobile Klinik Yorkville,5,1,N/A,+1 416-927-1792,"112 Cumberland Street, Toronto, ON M5R 1A6, Canada",https://www.yelp.com/biz/mobile-klinik-yorkville-toronto?adjust_creative=nzsOrWQEZA8rEfPyq3271g&utm_campaign=yelp_api_v3&utm_medium=api_v3_business_search&utm_source=nzsOrWQEZA8rEfPyq3271g,N/A,N/A,"Mobile Phones, Mobile Phone Repair, Electronics Repair",https://www.yelp.com/biz/mobile-klinik-yorkville-toronto?adjust_creative=nzsOrWQEZA8rEfPyq3271g&utm_campaign=yelp_api_v3&utm_medium=api_v3_business_search&utm_source=nzsOrWQEZA8rEfPyq3271g,Hamilton,mobile-klinik-yorkville-toronto
Macguys,0,0,N/A,+1 647-786-4274,"1022 St Clair Avenue W, Toronto, ON M6E 1A4, Canada",https://www.yelp.com/biz/macguys-toronto?adjust_creative=nzsOrWQEZA8rEfPyq3271g&utm_campaign=yelp_api_v3&utm_medium=api_v3_business_search&utm_source=nzsOrWQEZA8rEfPyq3271g,N/A,N/A,"Electronics Repair, Mobile Phone Repair, Data Recovery",https://www.yelp.com/biz/macguys-toronto?adjust_creative=nzsOrWQEZA8rEfPyq3271g&utm_campaign=yelp_api_v3&utm_medium=api_v3_business_search&utm_source=nzsOrWQEZA8rEfPyq3271g,Hamilton,macguys-toronto
Cellular X Phone repair,0,0,N/A,+1 647-463-2708,"Toronto, ON M4M 3G6, Canada",https://www.yelp.com/biz/cellular-x-phone-repair-toronto?adjust_creative=nzsOrWQEZA8rEfPyq3271g&utm_campaign=yelp_api_v3&utm_medium=api_v3_business_search&utm_source=nzsOrWQEZA8rEfPyq3271g,N/A,N/A,Mobile Phone Repair,https://www.yelp.com/biz/cellular-x-phone-repair-toronto?adjust_creative=nzsOrWQEZA8rEfPyq3271g&utm_campaign=yelp_api_v3&utm_medium=api_v3_business_search&utm_source=nzsOrWQEZA8rEfPyq3271g,Hamilton,cellular-x-phone-repair-toronto
Rosebud Technologies,5,2,N/A,+1 905-752-0444,"110 Konrad Cres., Unit 10, Markham, ON L3R 9X2, Canada",https://www.yelp.com/biz/rosebud-technologies-markham?adjust_creative=nzsOrWQEZA8rEfPyq3271g&utm_campaign=yelp_api_v3&utm_medium=api_v3_business_search&utm_source=nzsOrWQEZA8rEfPyq3271g,N/A,N/A,"Data Recovery, Electronics Repair",https://www.yelp.com/biz/rosebud-technologies-markham?adjust_creative=nzsOrWQEZA8rEfPyq3271g&utm_campaign=yelp_api_v3&utm_medium=api_v3_business_search&utm_source=nzsOrWQEZA8rEfPyq3271g,Hamilton,rosebud-technologies-markham
Rphone,5,1,N/A,+1 647-327-3802,"616 Fleet street, Toronto, ON M5V 1B9, Canada",https://www.yelp.com/biz/rphone-toronto-2?adjust_creative=nzsOrWQEZA8rEfPyq3271g&utm_campaign=yelp_api_v3&utm_medium=api_v3_business_search&utm_source=nzsOrWQEZA8rEfPyq3271g,N/A,N/A,"Mobile Phones, Mobile Phone Repair, Mobile Phone Accessories",https://www.yelp.com/biz/rphone-toronto-2?adjust_creative=nzsOrWQEZA8rEfPyq3271g&utm_campaign=yelp_api_v3&utm_medium=api_v3_business_search&utm_source=nzsOrWQEZA8rEfPyq3271g,Hamilton,rphone-toronto-2
Future Gadgets,3.9,7,N/A,+1 905-770-7331,"10909 Yonge Street, Richmond Hill, ON L4C 3E3, Canada",https://www.yelp.com/biz/future-gadgets-richmond-hill-2?adjust_creative=nzsOrWQEZA8rEfPyq3271g&utm_campaign=yelp_api_v3&utm_medium=api_v3_business_search&utm_source=nzsOrWQEZA8rEfPyq3271g,N/A,N/A,"Mobile Phones, Electronics, Electronics Repair",https://www.yelp.com/biz/future-gadgets-richmond-hill-2?adjust_creative=nzsOrWQEZA8rEfPyq3271g&utm_campaign=yelp_api_v3&utm_medium=api_v3_business_search&utm_source=nzsOrWQEZA8rEfPyq3271g,Hamilton,future-gadgets-richmond-hill-2
Humphrey's Vintage Audio & TV Repair,1,5,N/A,+1 416-923-3777,"167 Dupont Street, Toronto, ON M5R 1V5, Canada",https://www.yelp.com/biz/humphreys-vintage-audio-and-tv-repair-toronto?adjust_creative=nzsOrWQEZA8rEfPyq3271g&utm_campaign=yelp_api_v3&utm_medium=api_v3_business_search&utm_source=nzsOrWQEZA8rEfPyq3271g,N/A,N/A,"Home Theatre Installation, Electronics Repair, High Fidelity Audio Equipment",https://www.yelp.com/biz/humphreys-vintage-audio-and-tv-repair-toronto?adjust_creative=nzsOrWQEZA8rEfPyq3271g&utm_campaign=yelp_api_v3&utm_medium=api_v3_business_search&utm_source=nzsOrWQEZA8rEfPyq3271g,Hamilton,humphreys-vintage-audio-and-tv-repair-toronto
iRepairs,5,1,N/A,+1 647-649-8144,"Mississauga, ON L4T 0A8, Canada",https://www.yelp.com/biz/irepairs-mississauga?adjust_creative=nzsOrWQEZA8rEfPyq3271g&utm_campaign=yelp_api_v3&utm_medium=api_v3_business_search&utm_source=nzsOrWQEZA8rEfPyq3271g,N/A,N/A,Mobile Phone Repair,https://www.yelp.com/biz/irepairs-mississauga?adjust_creative=nzsOrWQEZA8rEfPyq3271g&utm_campaign=yelp_api_v3&utm_medium=api_v3_business_search&utm_source=nzsOrWQEZA8rEfPyq3271g,Hamilton,irepairs-mississauga
Space Electronics,0,0,N/A,+1 647-885-8031,"1055 Canadian Place, Unit 104, Mississauga, ON L4W 1J9, Canada",https://www.yelp.com/biz/space-electronics-mississauga-8?adjust_creative=nzsOrWQEZA8rEfPyq3271g&utm_campaign=yelp_api_v3&utm_medium=api_v3_business_search&utm_source=nzsOrWQEZA8rEfPyq3271g,N/A,N/A,"Mobile Phones, IT Services & Computer Repair, Electronics Repair",https://www.yelp.com/biz/space-electronics-mississauga-8?adjust_creative=nzsOrWQEZA8rEfPyq3271g&utm_campaign=yelp_api_v3&utm_medium=api_v3_business_search&utm_source=nzsOrWQEZA8rEfPyq3271g,Hamilton,space-electronics-mississauga-8
Connextel Communications,1.3,9,N/A,+1 289-831-1588,"118 Holland Street E, Unit 2A, Bradford, ON L3Z, Canada",https://www.yelp.com/biz/connextel-communications-bradford?adjust_creative=nzsOrWQEZA8rEfPyq3271g&utm_campaign=yelp_api_v3&utm_medium=api_v3_business_search&utm_source=nzsOrWQEZA8rEfPyq3271g,N/A,N/A,"Telecommunications, Internet Service Providers, Mobile Phone Repair",https://www.yelp.com/biz/connextel-communications-bradford?adjust_creative=nzsOrWQEZA8rEfPyq3271g&utm_campaign=yelp_api_v3&utm_medium=api_v3_business_search&utm_source=nzsOrWQEZA8rEfPyq3271g,Hamilton,connextel-communications-bradford
Doctor Mac,2.5,15,N/A,+1 416-278-9058,"727 Bloor Street W, Toronto, ON M6G 1L5, Canada",https://www.yelp.com/biz/doctor-mac-toronto-6?adjust_creative=nzsOrWQEZA8rEfPyq3271g&utm_campaign=yelp_api_v3&utm_medium=api_v3_business_search&utm_source=nzsOrWQEZA8rEfPyq3271g,N/A,N/A,"IT Services & Computer Repair, Electronics Repair",https://www.yelp.com/biz/doctor-mac-toronto-6?adjust_creative=nzsOrWQEZA8rEfPyq3271g&utm_campaign=yelp_api_v3&utm_medium=api_v3_business_search&utm_source=nzsOrWQEZA8rEfPyq3271g,Hamilton,doctor-mac-toronto-6
Gadget Direct,0,0,N/A,+1 647-478-3605,"2 Bloor St W, L-28, Toronto, ON M5T 1G1, Canada",https://www.yelp.com/biz/gadget-direct-toronto?adjust_creative=nzsOrWQEZA8rEfPyq3271g&utm_campaign=yelp_api_v3&utm_medium=api_v3_business_search&utm_source=nzsOrWQEZA8rEfPyq3271g,N/A,N/A,"Mobile Phone Repair, Mobile Phone Accessories, Electronics Repair",https://www.yelp.com/biz/gadget-direct-toronto?adjust_creative=nzsOrWQEZA8rEfPyq3271g&utm_campaign=yelp_api_v3&utm_medium=api_v3_business_search&utm_source=nzsOrWQEZA8rEfPyq3271g,Hamilton,gadget-direct-toronto
Singh Elektronics ,5,2,N/A,+1 905-789-0509,"15 Sun Pac boulevard, Unit 15- 16, Brampton, ON L6S 0E8, Canada",https://www.yelp.com/biz/singh-elektronics-brampton?adjust_creative=nzsOrWQEZA8rEfPyq3271g&utm_campaign=yelp_api_v3&utm_medium=api_v3_business_search&utm_source=nzsOrWQEZA8rEfPyq3271g,N/A,N/A,"Electronics, Car Stereo Installation, Electronics Repair",https://www.yelp.com/biz/singh-elektronics-brampton?adjust_creative=nzsOrWQEZA8rEfPyq3271g&utm_campaign=yelp_api_v3&utm_medium=api_v3_business_search&utm_source=nzsOrWQEZA8rEfPyq3271g,Hamilton,singh-elektronics-brampton
RegenesisMD,0,0,N/A,+1 647-948-8148,"68 Abell Street, Toronto, ON M6J 0B1, Canada",https://www.yelp.com/biz/regenesismd-toronto?adjust_creative=nzsOrWQEZA8rEfPyq3271g&utm_campaign=yelp_api_v3&utm_medium=api_v3_business_search&utm_source=nzsOrWQEZA8rEfPyq3271g,N/A,N/A,"Electronics Repair, Appliances & Repair, Jewelry Repair",https://www.yelp.com/biz/regenesismd-toronto?adjust_creative=nzsOrWQEZA8rEfPyq3271g&utm_campaign=yelp_api_v3&utm_medium=api_v3_business_search&utm_source=nzsOrWQEZA8rEfPyq3271g,Hamilton,regenesismd-toronto
Techcity,0,0,N/A,+1 416-406-1222,"1012 Gerrard Street E, Toronto, ON M4M 1Z3, Canada",https://www.yelp.com/biz/techcity-toronto?adjust_creative=nzsOrWQEZA8rEfPyq3271g&utm_campaign=yelp_api_v3&utm_medium=api_v3_business_search&utm_source=nzsOrWQEZA8rEfPyq3271g,N/A,N/A,"Electronics, Computers, Mobile Phone Repair",https://www.yelp.com/biz/techcity-toronto?adjust_creative=nzsOrWQEZA8rEfPyq3271g&utm_campaign=yelp_api_v3&utm_medium=api_v3_business_search&utm_source=nzsOrWQEZA8rEfPyq3271g,Hamilton,techcity-toronto
MSSS Phone Repair,0,0,N/A,+1 365-866-3750,"4700 Highway 7, Vaughan, ON L4L 2P8, Canada",https://www.yelp.com/biz/msss-phone-repair-vaughan?adjust_creative=nzsOrWQEZA8rEfPyq3271g&utm_campaign=yelp_api_v3&utm_medium=api_v3_business_search&utm_source=nzsOrWQEZA8rEfPyq3271g,N/A,N/A,IT Services & Computer Repair,https://www.yelp.com/biz/msss-phone-repair-vaughan?adjust_creative=nzsOrWQEZA8rEfPyq3271g&utm_campaign=yelp_api_v3&utm_medium=api_v3_business_search&utm_source=nzsOrWQEZA8rEfPyq3271g,Hamilton,msss-phone-repair-vaughan
Hi-Tech Seven Plus,1,4,N/A,+1 416-368-6191,"438 Parliament St, Toronto, ON M5A 3A2, Canada",https://www.yelp.com/biz/hi-tech-seven-plus-toronto?adjust_creative=nzsOrWQEZA8rEfPyq3271g&utm_campaign=yelp_api_v3&utm_medium=api_v3_business_search&utm_source=nzsOrWQEZA8rEfPyq3271g,N/A,N/A,"IT Services & Computer Repair, Computers, Electronics Repair",https://www.yelp.com/biz/hi-tech-seven-plus-toronto?adjust_creative=nzsOrWQEZA8rEfPyq3271g&utm_campaign=yelp_api_v3&utm_medium=api_v3_business_search&utm_source=nzsOrWQEZA8rEfPyq3271g,Hamilton,hi-tech-seven-plus-toronto
Dr Digital,0,0,N/A,+1 416-554-8176,"322 College Street, Toronto, ON M5T 1S3, Canada",https://www.yelp.com/biz/dr-digital-toronto?adjust_creative=nzsOrWQEZA8rEfPyq3271g&utm_campaign=yelp_api_v3&utm_medium=api_v3_business_search&utm_source=nzsOrWQEZA8rEfPyq3271g,N/A,N/A,"IT Services & Computer Repair, Electronics Repair",https://www.yelp.com/biz/dr-digital-toronto?adjust_creative=nzsOrWQEZA8rEfPyq3271g&utm_campaign=yelp_api_v3&utm_medium=api_v3_business_search&utm_source=nzsOrWQEZA8rEfPyq3271g,Hamilton,dr-digital-toronto
Econo Wireless,0,0,N/A,+1 416-991-3030,"55 Lebovic Avenue, Toronto, ON M1L 4V9, Canada",https://www.yelp.com/biz/econo-wireless-toronto?adjust_creative=nzsOrWQEZA8rEfPyq3271g&utm_campaign=yelp_api_v3&utm_medium=api_v3_business_search&utm_source=nzsOrWQEZA8rEfPyq3271g,N/A,N/A,"Mobile Phone Accessories, Mobile Phone Repair, Mobile Phones",https://www.yelp.com/biz/econo-wireless-toronto?adjust_creative=nzsOrWQEZA8rEfPyq3271g&utm_campaign=yelp_api_v3&utm_medium=api_v3_business_search&utm_source=nzsOrWQEZA8rEfPyq3271g,Hamilton,econo-wireless-toronto
Brebre's Tech Place,0,0,N/A,+1 416-903-7748,"Toronto, ON M5G 1S4, Canada",https://www.yelp.com/biz/brebres-tech-place-toronto?adjust_creative=nzsOrWQEZA8rEfPyq3271g&utm_campaign=yelp_api_v3&utm_medium=api_v3_business_search&utm_source=nzsOrWQEZA8rEfPyq3271g,N/A,N/A,Electronics Repair,https://www.yelp.com/biz/brebres-tech-place-toronto?adjust_creative=nzsOrWQEZA8rEfPyq3271g&utm_campaign=yelp_api_v3&utm_medium=api_v3_business_search&utm_source=nzsOrWQEZA8rEfPyq3271g,Hamilton,brebres-tech-place-toronto
Qaswa Wireless N Computer,0,0,N/A,+1 647-350-6606,"106 Humber College Boulevard, Unit 19, Toronto, ON M9V 4E4, Canada",https://www.yelp.com/biz/qaswa-wireless-n-computer-toronto-2?adjust_creative=nzsOrWQEZA8rEfPyq3271g&utm_campaign=yelp_api_v3&utm_medium=api_v3_business_search&utm_source=nzsOrWQEZA8rEfPyq3271g,N/A,N/A,IT Services & Computer Repair,https://www.yelp.com/biz/qaswa-wireless-n-computer-toronto-2?adjust_creative=nzsOrWQEZA8rEfPyq3271g&utm_campaign=yelp_api_v3&utm_medium=api_v3_business_search&utm_source=nzsOrWQEZA8rEfPyq3271g,Hamilton,qaswa-wireless-n-computer-toronto-2
416 Wireless,0,0,N/A,+1 866-416-1114,"Toronto, ON, Canada",https://www.yelp.com/biz/416-wireless-toronto?adjust_creative=nzsOrWQEZA8rEfPyq3271g&utm_campaign=yelp_api_v3&utm_medium=api_v3_business_search&utm_source=nzsOrWQEZA8rEfPyq3271g,N/A,N/A,Electronics Repair,https://www.yelp.com/biz/416-wireless-toronto?adjust_creative=nzsOrWQEZA8rEfPyq3271g&utm_campaign=yelp_api_v3&utm_medium=api_v3_business_search&utm_source=nzsOrWQEZA8rEfPyq3271g,Hamilton,416-wireless-toronto
Downtown Dupont Electronics,1.7,6,N/A,+1 416-532-2888,"4019 Chesswood Drive, Toronto, ON M3J 2R8, Canada",https://www.yelp.com/biz/downtown-dupont-electronics-toronto?adjust_creative=nzsOrWQEZA8rEfPyq3271g&utm_campaign=yelp_api_v3&utm_medium=api_v3_business_search&utm_source=nzsOrWQEZA8rEfPyq3271g,N/A,N/A,Electronics Repair,https://www.yelp.com/biz/downtown-dupont-electronics-toronto?adjust_creative=nzsOrWQEZA8rEfPyq3271g&utm_campaign=yelp_api_v3&utm_medium=api_v3_business_search&utm_source=nzsOrWQEZA8rEfPyq3271g,Hamilton,downtown-dupont-electronics-toronto
Repair Medics,5,1,N/A,+1 647-547-6012,"81 Zenway Boulevard, Unit 7, Woodbridge, ON L4H 0S5, Canada",https://www.yelp.com/biz/repair-medics-woodbridge-2?adjust_creative=nzsOrWQEZA8rEfPyq3271g&utm_campaign=yelp_api_v3&utm_medium=api_v3_business_search&utm_source=nzsOrWQEZA8rEfPyq3271g,N/A,N/A,"Mobile Phone Repair, Electronics Repair",https://www.yelp.com/biz/repair-medics-woodbridge-2?adjust_creative=nzsOrWQEZA8rEfPyq3271g&utm_campaign=yelp_api_v3&utm_medium=api_v3_business_search&utm_source=nzsOrWQEZA8rEfPyq3271g,Hamilton,repair-medics-woodbridge-2
Alphatek Electronics,0,0,N/A,+1 416-399-1399,"7297 Saint Barbara  Boulevard, Mississauga, ON L5W 0C2, Canada",https://www.yelp.com/biz/alphatek-electronics-mississauga?adjust_creative=nzsOrWQEZA8rEfPyq3271g&utm_campaign=yelp_api_v3&utm_medium=api_v3_business_search&utm_source=nzsOrWQEZA8rEfPyq3271g,N/A,N/A,Electronics Repair,https://www.yelp.com/biz/alphatek-electronics-mississauga?adjust_creative=nzsOrWQEZA8rEfPyq3271g&utm_campaign=yelp_api_v3&utm_medium=api_v3_business_search&utm_source=nzsOrWQEZA8rEfPyq3271g,Hamilton,alphatek-electronics-mississauga
Wind Mobile,1.4,60,N/A,+1 647-260-1395,"207 Queens Quay W, Suite 710, Toronto, ON M5J 1A7, Canada",https://www.yelp.com/biz/wind-mobile-toronto-3?adjust_creative=nzsOrWQEZA8rEfPyq3271g&utm_campaign=yelp_api_v3&utm_medium=api_v3_business_search&utm_source=nzsOrWQEZA8rEfPyq3271g,N/A,N/A,Mobile Phones,https://www.yelp.com/biz/wind-mobile-toronto-3?adjust_creative=nzsOrWQEZA8rEfPyq3271g&utm_campaign=yelp_api_v3&utm_medium=api_v3_business_search&utm_source=nzsOrWQEZA8rEfPyq3271g,Hamilton,wind-mobile-toronto-3
Freedom Mobile,1.2,59,N/A,+1 647-288-9463,"222 Spadina Avenue, Unit 118A, Toronto, ON M5T 3B3, Canada",https://www.yelp.com/biz/freedom-mobile-toronto-2?adjust_creative=nzsOrWQEZA8rEfPyq3271g&utm_campaign=yelp_api_v3&utm_medium=api_v3_business_search&utm_source=nzsOrWQEZA8rEfPyq3271g,N/A,N/A,Mobile Phones,https://www.yelp.com/biz/freedom-mobile-toronto-2?adjust_creative=nzsOrWQEZA8rEfPyq3271g&utm_campaign=yelp_api_v3&utm_medium=api_v3_business_search&utm_source=nzsOrWQEZA8rEfPyq3271g,Hamilton,freedom-mobile-toronto-2
Cell Tel Mobility,0,0,N/A,+1 416-266-6818,"2611 Eglinton Avenue E, Toronto, ON M1K 2S2, Canada",https://www.yelp.com/biz/cell-tel-mobility-toronto-2?adjust_creative=nzsOrWQEZA8rEfPyq3271g&utm_campaign=yelp_api_v3&utm_medium=api_v3_business_search&utm_source=nzsOrWQEZA8rEfPyq3271g,N/A,N/A,"Mobile Phones, Mobile Phone Accessories, Mobile Phone Repair",https://www.yelp.com/biz/cell-tel-mobility-toronto-2?adjust_creative=nzsOrWQEZA8rEfPyq3271g&utm_campaign=yelp_api_v3&utm_medium=api_v3_business_search&utm_source=nzsOrWQEZA8rEfPyq3271g,Hamilton,cell-tel-mobility-toronto-2
Apex Wireless,1,2,N/A,+1 416-649-1100,"260 Richmond Street E, Suite 101, Toronto, ON M5A 1P4, Canada",https://www.yelp.com/biz/apex-wireless-toronto-2?adjust_creative=nzsOrWQEZA8rEfPyq3271g&utm_campaign=yelp_api_v3&utm_medium=api_v3_business_search&utm_source=nzsOrWQEZA8rEfPyq3271g,N/A,N/A,Electronics,https://www.yelp.com/biz/apex-wireless-toronto-2?adjust_creative=nzsOrWQEZA8rEfPyq3271g&utm_campaign=yelp_api_v3&utm_medium=api_v3_business_search&utm_source=nzsOrWQEZA8rEfPyq3271g,Hamilton,apex-wireless-toronto-2
I Cracked My Phone,3,2,N/A,+1 647-921-8354,"121 Acorn Pl, Mississauga, ON L4Z 3N3, Canada",https://www.yelp.com/biz/i-cracked-my-phone-mississauga?adjust_creative=nzsOrWQEZA8rEfPyq3271g&utm_campaign=yelp_api_v3&utm_medium=api_v3_business_search&utm_source=nzsOrWQEZA8rEfPyq3271g,N/A,N/A,Mobile Phone Repair,https://www.yelp.com/biz/i-cracked-my-phone-mississauga?adjust_creative=nzsOrWQEZA8rEfPyq3271g&utm_campaign=yelp_api_v3&utm_medium=api_v3_business_search&utm_source=nzsOrWQEZA8rEfPyq3271g,Hamilton,i-cracked-my-phone-mississauga
Duke Electronics Centre,0,0,N/A,+1 416-261-6595,"2480 Eglinton Avenue E, Unit 2, Toronto, ON M1K 2R4, Canada",https://www.yelp.com/biz/duke-electronics-centre-toronto?adjust_creative=nzsOrWQEZA8rEfPyq3271g&utm_campaign=yelp_api_v3&utm_medium=api_v3_business_search&utm_source=nzsOrWQEZA8rEfPyq3271g,N/A,N/A,"Appliances & Repair, Electronics Repair, Electronics",https://www.yelp.com/biz/duke-electronics-centre-toronto?adjust_creative=nzsOrWQEZA8rEfPyq3271g&utm_campaign=yelp_api_v3&utm_medium=api_v3_business_search&utm_source=nzsOrWQEZA8rEfPyq3271g,Hamilton,duke-electronics-centre-toronto
Renovo Mobile,0,0,N/A,+1 416-792-9255,"1281 Gerrard St E, Unit 1, Toronto, ON M4L 1Y5, Canada",https://www.yelp.com/biz/renovo-mobile-toronto?adjust_creative=nzsOrWQEZA8rEfPyq3271g&utm_campaign=yelp_api_v3&utm_medium=api_v3_business_search&utm_source=nzsOrWQEZA8rEfPyq3271g,N/A,N/A,"Mobile Phone Repair, Mobile Phones, Electronics Repair",https://www.yelp.com/biz/renovo-mobile-toronto?adjust_creative=nzsOrWQEZA8rEfPyq3271g&utm_campaign=yelp_api_v3&utm_medium=api_v3_business_search&utm_source=nzsOrWQEZA8rEfPyq3271g,Hamilton,renovo-mobile-toronto
Age Of Wireless,0,0,N/A,+1 647-466-7521,"1919 Lawrence Ave E, Toronto, ON M5G 1S4, Canada",https://www.yelp.com/biz/age-of-wireless-toronto?adjust_creative=nzsOrWQEZA8rEfPyq3271g&utm_campaign=yelp_api_v3&utm_medium=api_v3_business_search&utm_source=nzsOrWQEZA8rEfPyq3271g,N/A,N/A,"Mobile Phone Repair, Electronics Repair, Mobile Phone Accessories",https://www.yelp.com/biz/age-of-wireless-toronto?adjust_creative=nzsOrWQEZA8rEfPyq3271g&utm_campaign=yelp_api_v3&utm_medium=api_v3_business_search&utm_source=nzsOrWQEZA8rEfPyq3271g,Hamilton,age-of-wireless-toronto
Mauze Technologies,0,0,N/A,+1 416-564-0268,"92 Lakeshore Road E, 2nd Floor, Suite 200, Mississauga, ON L5G 4S2, Canada",https://www.yelp.com/biz/mauze-technologies-mississauga-3?adjust_creative=nzsOrWQEZA8rEfPyq3271g&utm_campaign=yelp_api_v3&utm_medium=api_v3_business_search&utm_source=nzsOrWQEZA8rEfPyq3271g,N/A,N/A,"Office Equipment, Electronics Repair",https://www.yelp.com/biz/mauze-technologies-mississauga-3?adjust_creative=nzsOrWQEZA8rEfPyq3271g&utm_campaign=yelp_api_v3&utm_medium=api_v3_business_search&utm_source=nzsOrWQEZA8rEfPyq3271g,Hamilton,mauze-technologies-mississauga-3
Future Tech Vaughan mills,0,0,N/A,+1 905-532-0786,"1 Bass Pro Mills Drive, Unit 700, Vaughan, ON L4K 5W4, Canada",https://www.yelp.com/biz/future-tech-vaughan-mills-vaughan?adjust_creative=nzsOrWQEZA8rEfPyq3271g&utm_campaign=yelp_api_v3&utm_medium=api_v3_business_search&utm_source=nzsOrWQEZA8rEfPyq3271g,N/A,N/A,"Mobile Phone Accessories, Mobile Phone Repair",https://www.yelp.com/biz/future-tech-vaughan-mills-vaughan?adjust_creative=nzsOrWQEZA8rEfPyq3271g&utm_campaign=yelp_api_v3&utm_medium=api_v3_business_search&utm_source=nzsOrWQEZA8rEfPyq3271g,Hamilton,future-tech-vaughan-mills-vaughan
Danny's Phone and Computer repair,0,0,N/A,+1 437-432-0692,"1131 Markham Rd, Toronto, ON M1H 2Y5, Canada",https://www.yelp.com/biz/dannys-phone-and-computer-repair-toronto?adjust_creative=nzsOrWQEZA8rEfPyq3271g&utm_campaign=yelp_api_v3&utm_medium=api_v3_business_search&utm_source=nzsOrWQEZA8rEfPyq3271g,N/A,N/A,Mobile Phone Repair,https://www.yelp.com/biz/dannys-phone-and-computer-repair-toronto?adjust_creative=nzsOrWQEZA8rEfPyq3271g&utm_campaign=yelp_api_v3&utm_medium=api_v3_business_search&utm_source=nzsOrWQEZA8rEfPyq3271g,Hamilton,dannys-phone-and-computer-repair-toronto
Ming Fix,0,0,N/A,+1 416-333-7878,"762 Gordon Baker Road, North York, ON M2H 3B4, Canada",https://www.yelp.com/biz/ming-fix-north-york?adjust_creative=nzsOrWQEZA8rEfPyq3271g&utm_campaign=yelp_api_v3&utm_medium=api_v3_business_search&utm_source=nzsOrWQEZA8rEfPyq3271g,N/A,N/A,Mobile Phone Repair,https://www.yelp.com/biz/ming-fix-north-york?adjust_creative=nzsOrWQEZA8rEfPyq3271g&utm_campaign=yelp_api_v3&utm_medium=api_v3_business_search&utm_source=nzsOrWQEZA8rEfPyq3271g,Hamilton,ming-fix-north-york
CompTechs Solutions,0,0,N/A,+1 416-728-8311,"747 St. Clair Avenue W, Toronto, ON M6C, Canada",https://www.yelp.com/biz/comptechs-solutions-toronto?adjust_creative=nzsOrWQEZA8rEfPyq3271g&utm_campaign=yelp_api_v3&utm_medium=api_v3_business_search&utm_source=nzsOrWQEZA8rEfPyq3271g,N/A,N/A,"Electronics Repair, IT Services & Computer Repair",https://www.yelp.com/biz/comptechs-solutions-toronto?adjust_creative=nzsOrWQEZA8rEfPyq3271g&utm_campaign=yelp_api_v3&utm_medium=api_v3_business_search&utm_source=nzsOrWQEZA8rEfPyq3271g,Hamilton,comptechs-solutions-toronto
Device Dilemma ,3,2,N/A,+1 416-243-2677,"1564 Royal York Road, Unit 2, Etobicoke, ON M9P 3C4, Canada",https://www.yelp.com/biz/device-dilemma-etobicoke-5?adjust_creative=nzsOrWQEZA8rEfPyq3271g&utm_campaign=yelp_api_v3&utm_medium=api_v3_business_search&utm_source=nzsOrWQEZA8rEfPyq3271g,N/A,N/A,"Telecommunications, Mobile Phone Accessories, Mobile Phone Repair",https://www.yelp.com/biz/device-dilemma-etobicoke-5?adjust_creative=nzsOrWQEZA8rEfPyq3271g&utm_campaign=yelp_api_v3&utm_medium=api_v3_business_search&utm_source=nzsOrWQEZA8rEfPyq3271g,Hamilton,device-dilemma-etobicoke-5
H&T Computer Builds And Repairs,0,0,N/A,+1 647-456-4063,"115 Oak Avenue, Richmond Hill, ON L4C 6R6, Canada",https://www.yelp.com/biz/h-and-t-computer-builds-and-repairs-richmond-hill?adjust_creative=nzsOrWQEZA8rEfPyq3271g&utm_campaign=yelp_api_v3&utm_medium=api_v3_business_search&utm_source=nzsOrWQEZA8rEfPyq3271g,N/A,N/A,"IT Services & Computer Repair, Electronics Repair",https://www.yelp.com/biz/h-and-t-computer-builds-and-repairs-richmond-hill?adjust_creative=nzsOrWQEZA8rEfPyq3271g&utm_campaign=yelp_api_v3&utm_medium=api_v3_business_search&utm_source=nzsOrWQEZA8rEfPyq3271g,Hamilton,h-and-t-computer-builds-and-repairs-richmond-hill
Smart Phone Repair,3,2,N/A,+1 905-580-9578,"2451 Village Common, Oakville, ON L6M 0S2, Canada",https://www.yelp.com/biz/smart-phone-repair-oakville?adjust_creative=nzsOrWQEZA8rEfPyq3271g&utm_campaign=yelp_api_v3&utm_medium=api_v3_business_search&utm_source=nzsOrWQEZA8rEfPyq3271g,N/A,N/A,Mobile Phone Repair,https://www.yelp.com/biz/smart-phone-repair-oakville?adjust_creative=nzsOrWQEZA8rEfPyq3271g&utm_campaign=yelp_api_v3&utm_medium=api_v3_business_search&utm_source=nzsOrWQEZA8rEfPyq3271g,Hamilton,smart-phone-repair-oakville
Hv Energy,0,0,N/A,+1 647-858-7211,"4675 Steeles Avenue E, Unit 2C8 , 2E3, Toronto, ON M1V 0B7, Canada",https://www.yelp.com/biz/hv-energy-toronto?adjust_creative=nzsOrWQEZA8rEfPyq3271g&utm_campaign=yelp_api_v3&utm_medium=api_v3_business_search&utm_source=nzsOrWQEZA8rEfPyq3271g,N/A,N/A,Mobile Phone Repair,https://www.yelp.com/biz/hv-energy-toronto?adjust_creative=nzsOrWQEZA8rEfPyq3271g&utm_campaign=yelp_api_v3&utm_medium=api_v3_business_search&utm_source=nzsOrWQEZA8rEfPyq3271g,Hamilton,hv-energy-toronto
UberTech Cellphone Repairs,0,0,N/A,+1 416-412-2122,"2900 Markham Rd, Unit H2 & H3, Scarborough, ON M1X 1E6, Canada",https://www.yelp.com/biz/ubertech-cellphone-repairs-scarborough?adjust_creative=nzsOrWQEZA8rEfPyq3271g&utm_campaign=yelp_api_v3&utm_medium=api_v3_business_search&utm_source=nzsOrWQEZA8rEfPyq3271g,N/A,N/A,Mobile Phone Repair,https://www.yelp.com/biz/ubertech-cellphone-repairs-scarborough?adjust_creative=nzsOrWQEZA8rEfPyq3271g&utm_campaign=yelp_api_v3&utm_medium=api_v3_business_search&utm_source=nzsOrWQEZA8rEfPyq3271g,Hamilton,ubertech-cellphone-repairs-scarborough
CSD Electronics,0,0,N/A,+1 647-638-9873,"Vaughan, ON L4L 5R9, Canada",https://www.yelp.com/biz/csd-electronics-vaughan?adjust_creative=nzsOrWQEZA8rEfPyq3271g&utm_campaign=yelp_api_v3&utm_medium=api_v3_business_search&utm_source=nzsOrWQEZA8rEfPyq3271g,N/A,N/A,"IT Services & Computer Repair, Electricians",https://www.yelp.com/biz/csd-electronics-vaughan?adjust_creative=nzsOrWQEZA8rEfPyq3271g&utm_campaign=yelp_api_v3&utm_medium=api_v3_business_search&utm_source=nzsOrWQEZA8rEfPyq3271g,Hamilton,csd-electronics-vaughan
Derry Electronics,0,0,N/A,+1 905-564-8448,"6965 Davand Drive, Unit 7, Mississauga, ON L5T 1Y6, Canada",https://www.yelp.com/biz/derry-electronics-mississauga?adjust_creative=nzsOrWQEZA8rEfPyq3271g&utm_campaign=yelp_api_v3&utm_medium=api_v3_business_search&utm_source=nzsOrWQEZA8rEfPyq3271g,N/A,N/A,"Electronics, Electronics Repair, Mobile Phones",https://www.yelp.com/biz/derry-electronics-mississauga?adjust_creative=nzsOrWQEZA8rEfPyq3271g&utm_campaign=yelp_api_v3&utm_medium=api_v3_business_search&utm_source=nzsOrWQEZA8rEfPyq3271g,Hamilton,derry-electronics-mississauga
Hec Tech solutions,0,0,N/A,+1 418-265-3774,"8 Teaberry Terrace, Brampton, ON L6Y 0B7, Canada",https://www.yelp.com/biz/hec-tech-solutions-brampton?adjust_creative=nzsOrWQEZA8rEfPyq3271g&utm_campaign=yelp_api_v3&utm_medium=api_v3_business_search&utm_source=nzsOrWQEZA8rEfPyq3271g,N/A,N/A,"IT Services & Computer Repair, Security Systems",https://www.yelp.com/biz/hec-tech-solutions-brampton?adjust_creative=nzsOrWQEZA8rEfPyq3271g&utm_campaign=yelp_api_v3&utm_medium=api_v3_business_search&utm_source=nzsOrWQEZA8rEfPyq3271g,Hamilton,hec-tech-solutions-brampton
